pokedex,name,type1,type2,attack,defense,speed,hp,sp_defense,sp_attack,base_total,abilities,generation,is_legendary
1,Bulbasaur,grass,poison,49,49,45,45,65,65,318,['Overgrow' 'Chlorophyll'],1,False
2,Ivysaur,grass,poison,62,63,60,60,80,80,405,['Overgrow' 'Chlorophyll'],1,False
3,Venusaur,grass,poison,100,123,80,80,120,122,625,['Overgrow' 'Chlorophyll'],1,False
4,Charmander,fire,,52,43,65,39,50,60,309,['Blaze' 'Solar Power'],1,False
5,Charmeleon,fire,,64,58,80,58,65,80,405,['Blaze' 'Solar Power'],1,False
6,Charizard,fire,flying,104,78,100,78,115,159,634,['Blaze' 'Solar Power'],1,False
7,Squirtle,water,,48,65,43,44,64,50,314,['Torrent' 'Rain Dish'],1,False
8,Wartortle,water,,63,80,58,59,80,65,405,['Torrent' 'Rain Dish'],1,False
9,Blastoise,water,,103,120,78,79,115,135,630,['Torrent' 'Rain Dish'],1,False
10,Caterpie,bug,,30,35,45,45,20,20,195,['Shield Dust' 'Run Away'],1,False
11,Metapod,bug,,20,55,30,50,25,25,205,['Shed Skin'],1,False
12,Butterfree,bug,flying,45,50,70,60,80,90,395,['Compoundeyes' 'Tinted Lens'],1,False
13,Weedle,bug,poison,35,30,50,40,20,20,195,['Shield Dust' 'Run Away'],1,False
14,Kakuna,bug,poison,25,50,35,45,25,25,205,['Shed Skin'],1,False
15,Beedrill,bug,poison,150,40,145,65,80,15,495,['Swarm' 'Sniper'],1,False
16,Pidgey,normal,flying,45,40,56,40,35,35,251,['Keen Eye' 'Tangled Feet' 'Big Pecks'],1,False
17,Pidgeotto,normal,flying,60,55,71,63,50,50,349,['Keen Eye' 'Tangled Feet' 'Big Pecks'],1,False
18,Pidgeot,normal,flying,80,80,121,83,80,135,579,['Keen Eye' 'Tangled Feet' 'Big Pecks'],1,False
19,Rattata,normal,dark,56,35,72,30,35,25,253,['Run Away' 'Guts' 'Hustle' 'Gluttony' 'Hustle' 'Thick Fat'],1,False
20,Raticate,normal,dark,71,70,77,75,80,40,413,['Run Away' 'Guts' 'Hustle' 'Gluttony' 'Hustle' 'Thick Fat'],1,False
21,Spearow,normal,flying,60,30,70,40,31,31,262,['Keen Eye' 'Sniper'],1,False
22,Fearow,normal,flying,90,65,100,65,61,61,442,['Keen Eye' 'Sniper'],1,False
23,Ekans,poison,,60,44,55,35,54,40,288,['Intimidate' 'Shed Skin' 'Unnerve'],1,False
24,Arbok,poison,,95,69,80,60,79,65,448,['Intimidate' 'Shed Skin' 'Unnerve'],1,False
25,Pikachu,electric,,55,40,90,35,50,50,320,['Static' 'Lightningrod'],1,False
26,Raichu,electric,electric,85,50,110,60,85,95,485,['Static' 'Lightningrod' 'Surge Surfer'],1,False
27,Sandshrew,ground,ice,75,90,40,50,35,10,300,['Sand Veil' 'Sand Rush' 'Snow Cloak' 'Slush Rush'],1,False
28,Sandslash,ground,ice,100,120,65,75,65,25,450,['Sand Veil' 'Sand Rush' 'Snow Cloak' 'Slush Rush'],1,False
29,Nidoran♀,poison,,47,52,41,55,40,40,275,['Poison Point' 'Rivalry' 'Hustle'],1,False
30,Nidorina,poison,,62,67,56,70,55,55,365,['Poison Point' 'Rivalry' 'Hustle'],1,False
31,Nidoqueen,poison,ground,92,87,76,90,85,75,505,['Poison Point' 'Rivalry' 'Sheer Force'],1,False
32,Nidoran♂,poison,,57,40,50,46,40,40,273,['Poison Point' 'Rivalry' 'Hustle'],1,False
33,Nidorino,poison,,72,57,65,61,55,55,365,['Poison Point' 'Rivalry' 'Hustle'],1,False
34,Nidoking,poison,ground,102,77,85,81,75,85,505,['Poison Point' 'Rivalry' 'Sheer Force'],1,False
35,Clefairy,fairy,,45,48,35,70,65,60,323,['Cute Charm' 'Magic Guard' 'Friend Guard'],1,False
36,Clefable,fairy,,70,73,60,95,90,95,483,['Cute Charm' 'Magic Guard' 'Unaware'],1,False
37,Vulpix,fire,ice,41,40,65,38,65,50,299,['Flash Fire' 'Drought' 'Snow Cloak' 'Snow Warning'],1,False
38,Ninetales,fire,ice,67,75,109,73,100,81,505,['Flash Fire' 'Drought' 'Snow Cloak' 'Snow Warning'],1,False
39,Jigglypuff,normal,fairy,45,20,20,115,25,45,270,['Cute Charm' 'Competitive' 'Friend Guard'],1,False
40,Wigglytuff,normal,fairy,70,45,45,140,50,85,435,['Cute Charm' 'Competitive' 'Frisk'],1,False
41,Zubat,poison,flying,45,35,55,40,40,30,245,['Inner Focus' 'Infiltrator'],1,False
42,Golbat,poison,flying,80,70,90,75,75,65,455,['Inner Focus' 'Infiltrator'],1,False
43,Oddish,grass,poison,50,55,30,45,65,75,320,['Chlorophyll' 'Run Away'],1,False
44,Gloom,grass,poison,65,70,40,60,75,85,395,['Chlorophyll' 'Stench'],1,False
45,Vileplume,grass,poison,80,85,50,75,90,110,490,['Chlorophyll' 'Effect Spore'],1,False
46,Paras,bug,grass,70,55,25,35,55,45,285,['Effect Spore' 'Dry Skin' 'Damp'],1,False
47,Parasect,bug,grass,95,80,30,60,80,60,405,['Effect Spore' 'Dry Skin' 'Damp'],1,False
48,Venonat,bug,poison,55,50,45,60,55,40,305,['Compoundeyes' 'Tinted Lens' 'Run Away'],1,False
49,Venomoth,bug,poison,65,60,90,70,75,90,450,['Shield Dust' 'Tinted Lens' 'Wonder Skin '],1,False
50,Diglett,ground,ground,55,30,90,10,45,35,265,"['Sand Veil' 'Arena Trap' 'Sand Force' 'Sand Veil' 'Tangling Hair'
 'Sand Force']",1,False
51,Dugtrio,ground,ground,100,60,110,35,70,50,425,"['Sand Veil' 'Arena Trap' 'Sand Force' 'Sand Veil' 'Tangling Hair'
 'Sand Force']",1,False
52,Meowth,normal,dark,35,35,90,40,40,50,290,['Pickup' 'Technician' 'Unnerve' 'Pickup' 'Technician' 'Rattled'],1,False
53,Persian,normal,dark,60,60,115,65,65,75,440,['Limber' 'Technician' 'Unnerve' 'Fur Coat' 'Technician' 'Rattled'],1,False
54,Psyduck,water,,52,48,55,50,50,65,320,['Damp' 'Cloud Nine' 'Swift Swim'],1,False
55,Golduck,water,,82,78,85,80,80,95,500,['Damp' 'Cloud Nine' 'Swift Swim'],1,False
56,Mankey,fighting,,80,35,70,40,45,35,305,['Vital Spirit' 'Anger Point' 'Defiant'],1,False
57,Primeape,fighting,,105,60,95,65,70,60,455,['Vital Spirit' 'Anger Point' 'Defiant'],1,False
58,Growlithe,fire,,70,45,60,55,50,70,350,['Intimidate' 'Flash Fire' 'Justified'],1,False
59,Arcanine,fire,,110,80,95,90,80,100,555,['Intimidate' 'Flash Fire' 'Justified'],1,False
60,Poliwag,water,,50,40,90,40,40,40,300,['Water Absorb' 'Damp' 'Swift Swim'],1,False
61,Poliwhirl,water,,65,65,90,65,50,50,385,['Water Absorb' 'Damp' 'Swift Swim'],1,False
62,Poliwrath,water,fighting,95,95,70,90,90,70,510,['Water Absorb' 'Damp' 'Swift Swim'],1,False
63,Abra,psychic,,20,15,90,25,55,105,310,['Synchronize' 'Inner Focus' 'Magic Guard'],1,False
64,Kadabra,psychic,,35,30,105,40,70,120,400,['Synchronize' 'Inner Focus' 'Magic Guard'],1,False
65,Alakazam,psychic,,50,65,150,55,105,175,600,['Synchronize' 'Inner Focus' 'Magic Guard'],1,False
66,Machop,fighting,,80,50,35,70,35,35,305,['Guts' 'No Guard' 'Steadfast'],1,False
67,Machoke,fighting,,100,70,45,80,60,50,405,['Guts' 'No Guard' 'Steadfast'],1,False
68,Machamp,fighting,,130,80,55,90,85,65,505,['Guts' 'No Guard' 'Steadfast'],1,False
69,Bellsprout,grass,poison,75,35,40,50,30,70,300,['Chlorophyll' 'Gluttony'],1,False
70,Weepinbell,grass,poison,90,50,55,65,45,85,390,['Chlorophyll' 'Gluttony'],1,False
71,Victreebel,grass,poison,105,65,70,80,70,100,490,['Chlorophyll' 'Gluttony'],1,False
72,Tentacool,water,poison,40,35,70,40,100,50,335,['Clear Body' 'Liquid Ooze' 'Rain Dish'],1,False
73,Tentacruel,water,poison,70,65,100,80,120,80,515,['Clear Body' 'Liquid Ooze' 'Rain Dish'],1,False
74,Geodude,rock,ground,80,100,20,40,30,30,300,['Rock Head' 'Sturdy' 'Sand Veil' 'Magnet Pull' 'Sturdy' 'Galvanize'],1,False
75,Graveler,rock,ground,95,115,35,55,45,45,390,['Rock Head' 'Sturdy' 'Sand Veil' 'Magnet Pull' 'Sturdy' 'Galvanize'],1,False
76,Golem,rock,ground,120,130,45,80,65,55,495,['Rock Head' 'Sturdy' 'Sand Veil' 'Magnet Pull' 'Sturdy' 'Galvanize'],1,False
77,Ponyta,fire,,85,55,90,50,65,65,410,['Run Away' 'Flash Fire' 'Flame Body'],1,False
78,Rapidash,fire,,100,70,105,65,80,80,500,['Run Away' 'Flash Fire' 'Flame Body'],1,False
79,Slowpoke,water,psychic,65,65,15,90,40,40,315,['Oblivious' 'Own Tempo' 'Regenerator'],1,False
80,Slowbro,water,psychic,75,180,30,95,80,130,590,['Oblivious' 'Own Tempo' 'Regenerator'],1,False
81,Magnemite,electric,steel,35,70,45,25,55,95,325,['Magnet Pull' 'Sturdy' 'Analytic'],1,False
82,Magneton,electric,steel,60,95,70,50,70,120,465,['Magnet Pull' 'Sturdy' 'Analytic'],1,False
83,Farfetch'd,normal,flying,90,55,60,52,62,58,377,['Keen Eye' 'Inner Focus' 'Defiant'],1,False
84,Doduo,normal,flying,85,45,75,35,35,35,310,['Run Away' 'Early Bird' 'Tangled Feet'],1,False
85,Dodrio,normal,flying,110,70,110,60,60,60,470,['Run Away' 'Early Bird' 'Tangled Feet'],1,False
86,Seel,water,,45,55,45,65,70,45,325,['Thick Fat' 'Hydration' 'Ice Body'],1,False
87,Dewgong,water,ice,70,80,70,90,95,70,475,['Thick Fat' 'Hydration' 'Ice Body'],1,False
88,Grimer,poison,poison,80,50,25,80,50,40,325,"['Stench' 'Sticky Hold' 'Poison Touch' 'Poison Touch' 'Gluttony'
 'Power of Alchemy']",1,False
89,Muk,poison,poison,105,75,50,105,100,65,500,"['Stench' 'Sticky Hold' 'Poison Touch' 'Poison Touch' 'Gluttony'
 'Power of Alchemy']",1,False
90,Shellder,water,,65,100,40,30,25,45,305,['Shell Armor' 'Skill Link' 'Overcoat'],1,False
91,Cloyster,water,ice,95,180,70,50,45,85,525,['Shell Armor' 'Skill Link' 'Overcoat'],1,False
92,Gastly,ghost,poison,35,30,80,30,35,100,310,['Levitate'],1,False
93,Haunter,ghost,poison,50,45,95,45,55,115,405,['Levitate'],1,False
94,Gengar,ghost,poison,65,80,130,60,95,170,600,['Cursed Body'],1,False
95,Onix,rock,ground,45,160,70,35,45,30,385,['Rock Head' 'Sturdy' 'Weak Armor'],1,False
96,Drowzee,psychic,,48,45,42,60,90,43,328,['Insomnia' 'Forewarn' 'Inner Focus'],1,False
97,Hypno,psychic,,73,70,67,85,115,73,483,['Insomnia' 'Forewarn' 'Inner Focus'],1,False
98,Krabby,water,,105,90,50,30,25,25,325,['Hyper Cutter' 'Shell Armor' 'Sheer Force'],1,False
99,Kingler,water,,130,115,75,55,50,50,475,['Hyper Cutter' 'Shell Armor' 'Sheer Force'],1,False
100,Voltorb,electric,,30,50,100,40,55,55,330,['Soundproof' 'Static' 'Aftermath'],1,False
101,Electrode,electric,,50,70,150,60,80,80,490,['Soundproof' 'Static' 'Aftermath'],1,False
102,Exeggcute,grass,psychic,40,80,40,60,45,60,325,['Chlorophyll' 'Harvest'],1,False
103,Exeggutor,grass,psychic,105,85,45,95,75,125,530,['Chlorophyll' 'Harvest' 'Frisk' 'Harvest'],1,False
104,Cubone,ground,,50,95,35,50,50,40,320,['Rock Head' 'Lightningrod' 'Battle Armor'],1,False
105,Marowak,ground,fire,80,110,45,60,80,50,425,"['Rock Head' 'Lightningrod' 'Battle Armor' 'Cursed Body' 'Lightningrod'
 'Rock Head']",1,False
106,Hitmonlee,fighting,,120,53,87,50,110,35,455,['Limber' 'Reckless' 'Unburden'],1,False
107,Hitmonchan,fighting,,105,79,76,50,110,35,455,['Keen Eye' 'Iron Fist' 'Inner Focus'],1,False
108,Lickitung,normal,,55,75,30,90,75,60,385,['Own Tempo' 'Oblivious' 'Cloud Nine'],1,False
109,Koffing,poison,,65,95,35,40,45,60,340,['Levitate'],1,False
110,Weezing,poison,,90,120,60,65,70,85,490,['Levitate'],1,False
111,Rhyhorn,ground,rock,85,95,25,80,30,30,345,['Lightningrod' 'Rock Head' 'Reckless'],1,False
112,Rhydon,ground,rock,130,120,40,105,45,45,485,['Lightningrod' 'Rock Head' 'Reckless'],1,False
113,Chansey,normal,,5,5,50,250,105,35,450,['Natural Cure' 'Serene Grace' 'Healer'],1,False
114,Tangela,grass,,55,115,60,65,40,100,435,['Chlorophyll' 'Leaf Guard' 'Regenerator'],1,False
115,Kangaskhan,normal,,125,100,100,105,100,60,590,['Early Bird' 'Scrappy' 'Inner Focus'],1,False
116,Horsea,water,,40,70,60,30,25,70,295,['Swift Swim' 'Sniper' 'Damp'],1,False
117,Seadra,water,,65,95,85,55,45,95,440,['Poison Point' 'Sniper' 'Damp'],1,False
118,Goldeen,water,,67,60,63,45,50,35,320,['Swift Swim' 'Water Veil' 'Lightningrod'],1,False
119,Seaking,water,,92,65,68,80,80,65,450,['Swift Swim' 'Water Veil' 'Lightningrod'],1,False
120,Staryu,water,,45,55,85,30,55,70,340,['Illuminate' 'Natural Cure' 'Analytic'],1,False
121,Starmie,water,psychic,75,85,115,60,85,100,520,['Illuminate' 'Natural Cure' 'Analytic'],1,False
122,Mr. Mime,psychic,fairy,45,65,90,40,120,100,460,['Soundproof' 'Filter' 'Technician'],1,False
123,Scyther,bug,flying,110,80,105,70,80,55,500,['Swarm' 'Technician' 'Steadfast'],1,False
124,Jynx,ice,psychic,50,35,95,65,95,115,455,['Oblivious' 'Forewarn' 'Dry Skin'],1,False
125,Electabuzz,electric,,83,57,105,65,85,95,490,['Static' 'Vital Spirit'],1,False
126,Magmar,fire,,95,57,93,65,85,100,495,['Flame Body' 'Vital Spirit'],1,False
127,Pinsir,bug,,155,120,105,65,90,65,600,['Hyper Cutter' 'Mold Breaker' 'Moxie'],1,False
128,Tauros,normal,,100,95,110,75,70,40,490,['Intimidate' 'Anger Point' 'Sheer Force'],1,False
129,Magikarp,water,,10,55,80,20,20,15,200,['Swift Swim' 'Rattled'],1,False
130,Gyarados,water,flying,155,109,81,95,130,70,640,['Intimidate' 'Moxie'],1,False
131,Lapras,water,ice,85,80,60,130,95,85,535,['Water Absorb' 'Shell Armor' 'Hydration'],1,False
132,Ditto,normal,,48,48,48,48,48,48,288,['Limber' 'Imposter'],1,False
133,Eevee,normal,,55,50,55,55,65,45,325,['Run Away' 'Adaptability' 'Anticipation'],1,False
134,Vaporeon,water,,65,60,65,130,95,110,525,['Water Absorb' 'Hydration'],1,False
135,Jolteon,electric,,65,60,130,65,95,110,525,['Volt Absorb' 'Quick Feet'],1,False
136,Flareon,fire,,130,60,65,65,110,95,525,['Flash Fire' 'Guts'],1,False
137,Porygon,normal,,60,70,40,65,75,85,395,['Trace' 'Download' 'Analytic'],1,False
138,Omanyte,rock,water,40,100,35,35,55,90,355,['Swift Swim' 'Shell Armor' 'Weak Armor'],1,False
139,Omastar,rock,water,60,125,55,70,70,115,495,['Swift Swim' 'Shell Armor' 'Weak Armor'],1,False
140,Kabuto,rock,water,80,90,55,30,45,55,355,['Swift Swim' 'Battle Armor' 'Weak Armor'],1,False
141,Kabutops,rock,water,115,105,80,60,70,65,495,['Swift Swim' 'Battle Armor' 'Weak Armor'],1,False
142,Aerodactyl,rock,flying,135,85,150,80,95,70,615,['Rock Head' 'Pressure' 'Unnerve'],1,False
143,Snorlax,normal,,110,65,30,160,110,65,540,['Immunity' 'Thick Fat' 'Gluttony'],1,False
144,Articuno,ice,flying,85,100,85,90,125,95,580,['Pressure' 'Snow Cloak'],1,True
145,Zapdos,electric,flying,90,85,100,90,90,125,580,['Pressure' 'Static'],1,True
146,Moltres,fire,flying,100,90,90,90,85,125,580,['Pressure' 'Flame Body'],1,True
147,Dratini,dragon,,64,45,50,41,50,50,300,['Shed Skin' 'Marvel Scale'],1,False
148,Dragonair,dragon,,84,65,70,61,70,70,420,['Shed Skin' 'Marvel Scale'],1,False
149,Dragonite,dragon,flying,134,95,80,91,100,100,600,['Inner Focus' 'Multiscale'],1,False
150,Mewtwo,psychic,,150,70,140,106,120,194,780,['Pressure' 'Unnerve'],1,True
151,Mew,psychic,,100,100,100,100,100,100,600,['Synchronize'],1,True
152,Chikorita,grass,,49,65,45,45,65,49,318,['Overgrow' 'Leaf Guard'],2,False
153,Bayleef,grass,,62,80,60,60,80,63,405,['Overgrow' 'Leaf Guard'],2,False
154,Meganium,grass,,82,100,80,80,100,83,525,['Overgrow' 'Leaf Guard'],2,False
155,Cyndaquil,fire,,52,43,65,39,50,60,309,['Blaze' 'Flash Fire'],2,False
156,Quilava,fire,,64,58,80,58,65,80,405,['Blaze' 'Flash Fire'],2,False
157,Typhlosion,fire,,84,78,100,78,85,109,534,['Blaze' 'Flash Fire'],2,False
158,Totodile,water,,65,64,43,50,48,44,314,['Torrent' 'Sheer Force'],2,False
159,Croconaw,water,,80,80,58,65,63,59,405,['Torrent' 'Sheer Force'],2,False
160,Feraligatr,water,,105,100,78,85,83,79,530,['Torrent' 'Sheer Force'],2,False
161,Sentret,normal,,46,34,20,35,45,35,215,['Run Away' 'Keen Eye' 'Frisk'],2,False
162,Furret,normal,,76,64,90,85,55,45,415,['Run Away' 'Keen Eye' 'Frisk'],2,False
163,Hoothoot,normal,flying,30,30,50,60,56,36,262,['Insomnia' 'Keen Eye' 'Tinted Lens'],2,False
164,Noctowl,normal,flying,50,50,70,100,96,86,452,['Insomnia' 'Keen Eye' 'Tinted Lens'],2,False
165,Ledyba,bug,flying,20,30,55,40,80,40,265,['Swarm' 'Early Bird' 'Rattled'],2,False
166,Ledian,bug,flying,35,50,85,55,110,55,390,['Swarm' 'Early Bird' 'Iron Fist'],2,False
167,Spinarak,bug,poison,60,40,30,40,40,40,250,['Swarm' 'Insomnia' 'Sniper'],2,False
168,Ariados,bug,poison,90,70,40,70,70,60,400,['Swarm' 'Insomnia' 'Sniper'],2,False
169,Crobat,poison,flying,90,80,130,85,80,70,535,['Inner Focus' 'Infiltrator'],2,False
170,Chinchou,water,electric,38,38,67,75,56,56,330,['Volt Absorb' 'Illuminate' 'Water Absorb'],2,False
171,Lanturn,water,electric,58,58,67,125,76,76,460,['Volt Absorb' 'Illuminate' 'Water Absorb'],2,False
172,Pichu,electric,,40,15,60,20,35,35,205,['Static' 'Lightningrod'],2,False
173,Cleffa,fairy,,25,28,15,50,55,45,218,['Cute Charm' 'Magic Guard' 'Friend Guard'],2,False
174,Igglybuff,normal,fairy,30,15,15,90,20,40,210,['Cute Charm' 'Competitive' 'Friend Guard'],2,False
175,Togepi,fairy,,20,65,20,35,65,40,245,['Hustle' 'Serene Grace' 'Super Luck'],2,False
176,Togetic,fairy,flying,40,85,40,55,105,80,405,['Hustle' 'Serene Grace' 'Super Luck'],2,False
177,Natu,psychic,flying,50,45,70,40,45,70,320,['Synchronize' 'Early Bird' 'Magic Bounce'],2,False
178,Xatu,psychic,flying,75,70,95,65,70,95,470,['Synchronize' 'Early Bird' 'Magic Bounce'],2,False
179,Mareep,electric,,40,40,35,55,45,65,280,['Static' 'Plus'],2,False
180,Flaaffy,electric,,55,55,45,70,60,80,365,['Static' 'Plus'],2,False
181,Ampharos,electric,,95,105,45,90,110,165,610,['Static' 'Plus'],2,False
182,Bellossom,grass,,80,95,50,75,100,90,490,['Chlorophyll' 'Healer'],2,False
183,Marill,water,fairy,20,50,40,70,50,20,250,['Thick Fat' 'Huge Power' 'Sap Sipper'],2,False
184,Azumarill,water,fairy,50,80,50,100,80,60,420,['Thick Fat' 'Huge Power' 'Sap Sipper'],2,False
185,Sudowoodo,rock,,100,115,30,70,65,30,410,['Sturdy' 'Rock Head' 'Rattled'],2,False
186,Politoed,water,,75,75,70,90,100,90,500,['Water Absorb' 'Damp' 'Drizzle'],2,False
187,Hoppip,grass,flying,35,40,50,35,55,35,250,['Chlorophyll' 'Leaf Guard' 'Infiltrator'],2,False
188,Skiploom,grass,flying,45,50,80,55,65,45,340,['Chlorophyll' 'Leaf Guard' 'Infiltrator'],2,False
189,Jumpluff,grass,flying,55,70,110,75,95,55,460,['Chlorophyll' 'Leaf Guard' 'Infiltrator'],2,False
190,Aipom,normal,,70,55,85,55,55,40,360,['Run Away' 'Pickup' 'Skill Link'],2,False
191,Sunkern,grass,,30,30,30,30,30,30,180,['Chlorophyll' 'Solar Power' 'Early Bird'],2,False
192,Sunflora,grass,,75,55,30,75,85,105,425,['Chlorophyll' 'Solar Power' 'Early Bird'],2,False
193,Yanma,bug,flying,65,45,95,65,45,75,390,['Speed Boost' 'Compoundeyes' 'Frisk'],2,False
194,Wooper,water,ground,45,45,15,55,25,25,210,['Damp' 'Water Absorb' 'Unaware'],2,False
195,Quagsire,water,ground,85,85,35,95,65,65,430,['Damp' 'Water Absorb' 'Unaware'],2,False
196,Espeon,psychic,,65,60,110,65,95,130,525,['Synchronize' 'Magic Bounce'],2,False
197,Umbreon,dark,,65,110,65,95,130,60,525,['Synchronize' 'Inner Focus'],2,False
198,Murkrow,dark,flying,85,42,91,60,42,85,405,['Insomnia' 'Super Luck' 'Prankster'],2,False
199,Slowking,water,psychic,75,80,30,95,110,100,490,['Oblivious' 'Own Tempo' 'Regenerator'],2,False
200,Misdreavus,ghost,,60,60,85,60,85,85,435,['Levitate'],2,False
201,Unown,psychic,,72,48,48,48,48,72,336,['Levitate'],2,False
202,Wobbuffet,psychic,,33,58,33,190,58,33,405,['Shadow Tag' 'Telepathy'],2,False
203,Girafarig,normal,psychic,80,65,85,70,65,90,455,['Inner Focus' 'Early Bird' 'Sap Sipper'],2,False
204,Pineco,bug,,65,90,15,50,35,35,290,['Sturdy' 'Overcoat'],2,False
205,Forretress,bug,steel,90,140,40,75,60,60,465,['Sturdy' 'Overcoat'],2,False
206,Dunsparce,normal,,70,70,45,100,65,65,415,['Serene Grace' 'Run Away' 'Rattled'],2,False
207,Gligar,ground,flying,75,105,85,65,65,35,430,['Hyper Cutter' 'Sand Veil' 'Immunity'],2,False
208,Steelix,steel,ground,125,230,30,75,95,55,610,['Rock Head' 'Sturdy' 'Sheer Force'],2,False
209,Snubbull,fairy,,80,50,30,60,40,40,300,['Intimidate' 'Run Away' 'Rattled'],2,False
210,Granbull,fairy,,120,75,45,90,60,60,450,['Intimidate' 'Quick Feet' 'Rattled'],2,False
211,Qwilfish,water,poison,95,85,85,65,55,55,440,['Poison Point' 'Swift Swim' 'Intimidate'],2,False
212,Scizor,bug,steel,150,140,75,70,100,65,600,['Swarm' 'Technician' 'Light Metal'],2,False
213,Shuckle,bug,rock,10,230,5,20,230,10,505,['Sturdy' 'Gluttony' 'Contrary'],2,False
214,Heracross,bug,fighting,185,115,75,80,105,40,600,['Swarm' 'Guts' 'Moxie'],2,False
215,Sneasel,dark,ice,95,55,115,55,75,35,430,['Inner Focus' 'Keen Eye' 'Pickpocket'],2,False
216,Teddiursa,normal,,80,50,40,60,50,50,330,['Pickup' 'Quick Feet' 'Honey Gather'],2,False
217,Ursaring,normal,,130,75,55,90,75,75,500,['Guts' 'Quick Feet' 'Unnerve'],2,False
218,Slugma,fire,,40,40,20,40,40,70,250,['Magma Armor' 'Flame Body' 'Weak Armor'],2,False
219,Magcargo,fire,rock,50,120,30,60,80,90,430,['Magma Armor' 'Flame Body' 'Weak Armor'],2,False
220,Swinub,ice,ground,50,40,50,50,30,30,250,['Oblivious' 'Snow Cloak' 'Thick Fat'],2,False
221,Piloswine,ice,ground,100,80,50,100,60,60,450,['Oblivious' 'Snow Cloak' 'Thick Fat'],2,False
222,Corsola,water,rock,55,95,35,65,95,65,410,['Hustle' 'Natural Cure' 'Regenerator'],2,False
223,Remoraid,water,,65,35,65,35,35,65,300,['Hustle' 'Sniper' 'Moody'],2,False
224,Octillery,water,,105,75,45,75,75,105,480,['Suction Cups' 'Sniper' 'Moody'],2,False
225,Delibird,ice,flying,55,45,75,45,45,65,330,['Vital Spirit' 'Hustle' 'Insomnia'],2,False
226,Mantine,water,flying,40,70,70,85,140,80,485,['Swift Swim' 'Water Absorb' 'Water Veil'],2,False
227,Skarmory,steel,flying,80,140,70,65,70,40,465,['Keen Eye' 'Sturdy' 'Weak Armor'],2,False
228,Houndour,dark,fire,60,30,65,45,50,80,330,['Early Bird' 'Flash Fire' 'Unnerve'],2,False
229,Houndoom,dark,fire,90,90,115,75,90,140,600,['Early Bird' 'Flash Fire' 'Unnerve'],2,False
230,Kingdra,water,dragon,95,95,85,75,95,95,540,['Swift Swim' 'Sniper' 'Damp'],2,False
231,Phanpy,ground,,60,60,40,90,40,40,330,['Pickup' 'Sand Veil'],2,False
232,Donphan,ground,,120,120,50,90,60,60,500,['Sturdy' 'Sand Veil'],2,False
233,Porygon2,normal,,80,90,60,85,95,105,515,['Trace' 'Download' 'Analytic'],2,False
234,Stantler,normal,,95,62,85,73,65,85,465,['Intimidate' 'Frisk' 'Sap Sipper'],2,False
235,Smeargle,normal,,20,35,75,55,45,20,250,['Own Tempo' 'Technician' 'Moody'],2,False
236,Tyrogue,fighting,,35,35,35,35,35,35,210,['Guts' 'Steadfast' 'Vital Spirit'],2,False
237,Hitmontop,fighting,,95,95,70,50,110,35,455,['Intimidate' 'Technician' 'Steadfast'],2,False
238,Smoochum,ice,psychic,30,15,65,45,65,85,305,['Oblivious' 'Forewarn' 'Hydration'],2,False
239,Elekid,electric,,63,37,95,45,55,65,360,['Static' 'Vital Spirit'],2,False
240,Magby,fire,,75,37,83,45,55,70,365,['Flame Body' 'Vital Spirit'],2,False
241,Miltank,normal,,80,105,100,95,70,40,490,['Thick Fat' 'Scrappy' 'Sap Sipper'],2,False
242,Blissey,normal,,10,10,55,255,135,75,540,['Natural Cure' 'Serene Grace' 'Healer'],2,False
243,Raikou,electric,,85,75,115,90,100,115,580,['Pressure' 'Inner Focus'],2,True
244,Entei,fire,,115,85,100,115,75,90,580,['Pressure' 'Inner Focus'],2,True
245,Suicune,water,,75,115,85,100,115,90,580,['Pressure' 'Inner Focus'],2,True
246,Larvitar,rock,ground,64,50,41,50,50,45,300,['Guts' 'Sand Veil'],2,False
247,Pupitar,rock,ground,84,70,51,70,70,65,410,['Shed Skin'],2,False
248,Tyranitar,rock,dark,164,150,71,100,120,95,700,['Sand Stream' 'Unnerve'],2,False
249,Lugia,psychic,flying,90,130,110,106,154,90,680,['Pressure' 'Multiscale'],2,True
250,Ho-Oh,fire,flying,130,90,90,106,154,110,680,['Pressure' 'Regenerator'],2,True
251,Celebi,psychic,grass,100,100,100,100,100,100,600,['Natural Cure'],2,True
252,Treecko,grass,,45,35,70,40,55,65,310,['Overgrow' 'Unburden'],3,False
253,Grovyle,grass,,65,45,95,50,65,85,405,['Overgrow' 'Unburden'],3,False
254,Sceptile,grass,,110,75,145,70,85,145,630,['Overgrow' 'Unburden'],3,False
255,Torchic,fire,,60,40,45,45,50,70,310,['Blaze' 'Speed Boost'],3,False
256,Combusken,fire,fighting,85,60,55,60,60,85,405,['Blaze' 'Speed Boost'],3,False
257,Blaziken,fire,fighting,160,80,100,80,80,130,630,['Blaze' 'Speed Boost'],3,False
258,Mudkip,water,,70,50,40,50,50,50,310,['Torrent' 'Damp'],3,False
259,Marshtomp,water,ground,85,70,50,70,70,60,405,['Torrent' 'Damp'],3,False
260,Swampert,water,ground,150,110,70,100,110,95,635,['Torrent' 'Damp'],3,False
261,Poochyena,dark,,55,35,35,35,30,30,220,['Run Away' 'Quick Feet' 'Rattled'],3,False
262,Mightyena,dark,,90,70,70,70,60,60,420,['Intimidate' 'Quick Feet' 'Moxie'],3,False
263,Zigzagoon,normal,,30,41,60,38,41,30,240,['Pickup' 'Gluttony' 'Quick Feet'],3,False
264,Linoone,normal,,70,61,100,78,61,50,420,['Pickup' 'Gluttony' 'Quick Feet'],3,False
265,Wurmple,bug,,45,35,20,45,30,20,195,['Shield Dust' 'Run Away'],3,False
266,Silcoon,bug,,35,55,15,50,25,25,205,['Shed Skin'],3,False
267,Beautifly,bug,flying,70,50,65,60,50,100,395,['Swarm' 'Rivalry'],3,False
268,Cascoon,bug,,35,55,15,50,25,25,205,['Shed Skin'],3,False
269,Dustox,bug,poison,50,70,65,60,90,50,385,['Shield Dust' 'Compoundeyes'],3,False
270,Lotad,water,grass,30,30,30,40,50,40,220,['Swift Swim' 'Rain Dish' 'Own Tempo'],3,False
271,Lombre,water,grass,50,50,50,60,70,60,340,['Swift Swim' 'Rain Dish' 'Own Tempo'],3,False
272,Ludicolo,water,grass,70,70,70,80,100,90,480,['Swift Swim' 'Rain Dish' 'Own Tempo'],3,False
273,Seedot,grass,,40,50,30,40,30,30,220,['Chlorophyll' 'Early Bird' 'Pickpocket'],3,False
274,Nuzleaf,grass,dark,70,40,60,70,40,60,340,['Chlorophyll' 'Early Bird' 'Pickpocket'],3,False
275,Shiftry,grass,dark,100,60,80,90,60,90,480,['Chlorophyll' 'Early Bird' 'Pickpocket'],3,False
276,Taillow,normal,flying,55,30,85,40,30,30,270,['Guts' 'Scrappy'],3,False
277,Swellow,normal,flying,85,60,125,60,50,75,455,['Guts' 'Scrappy'],3,False
278,Wingull,water,flying,30,30,85,40,30,55,270,['Keen Eye' 'Hydration' 'Rain Dish'],3,False
279,Pelipper,water,flying,50,100,65,60,70,95,440,['Keen Eye' 'Drizzle' 'Rain Dish'],3,False
280,Ralts,psychic,fairy,25,25,40,28,35,45,198,['Synchronize' 'Trace' 'Telepathy'],3,False
281,Kirlia,psychic,fairy,35,35,50,38,55,65,278,['Synchronize' 'Trace' 'Telepathy'],3,False
282,Gardevoir,psychic,fairy,85,65,100,68,135,165,618,['Synchronize' 'Trace' 'Telepathy'],3,False
283,Surskit,bug,water,30,32,65,40,52,50,269,['Swift Swim' 'Rain Dish'],3,False
284,Masquerain,bug,flying,60,62,80,70,82,100,454,['Intimidate' 'Unnerve'],3,False
285,Shroomish,grass,,40,60,35,60,60,40,295,['Effect Spore' 'Poison Heal' 'Quick Feet'],3,False
286,Breloom,grass,fighting,130,80,70,60,60,60,460,['Effect Spore' 'Poison Heal' 'Technician'],3,False
287,Slakoth,normal,,60,60,30,60,35,35,280,['Truant'],3,False
288,Vigoroth,normal,,80,80,90,80,55,55,440,['Vital Spirit'],3,False
289,Slaking,normal,,160,100,100,150,65,95,670,['Truant'],3,False
290,Nincada,bug,ground,45,90,40,31,30,30,266,['Compoundeyes' 'Run Away'],3,False
291,Ninjask,bug,flying,90,45,160,61,50,50,456,['Speed Boost' 'Infiltrator'],3,False
292,Shedinja,bug,ghost,90,45,40,1,30,30,236,['Wonder Guard'],3,False
293,Whismur,normal,,51,23,28,64,23,51,240,['Soundproof' 'Rattled'],3,False
294,Loudred,normal,,71,43,48,84,43,71,360,['Soundproof' 'Scrappy'],3,False
295,Exploud,normal,,91,63,68,104,73,91,490,['Soundproof' 'Scrappy'],3,False
296,Makuhita,fighting,,60,30,25,72,30,20,237,['Thick Fat' 'Guts' 'Sheer Force'],3,False
297,Hariyama,fighting,,120,60,50,144,60,40,474,['Thick Fat' 'Guts' 'Sheer Force'],3,False
298,Azurill,normal,fairy,20,40,20,50,40,20,190,['Thick Fat' 'Huge Power' 'Sap Sipper'],3,False
299,Nosepass,rock,,45,135,30,30,90,45,375,['Sturdy' 'Magnet Pull' 'Sand Force'],3,False
300,Skitty,normal,,45,45,50,50,35,35,260,['Cute Charm' 'Normalize' 'Wonder Skin '],3,False
301,Delcatty,normal,,65,65,90,70,55,55,400,['Cute Charm' 'Normalize' 'Wonder Skin '],3,False
302,Sableye,dark,ghost,85,125,20,50,115,85,480,['Keen Eye' 'Stall' 'Prankster'],3,False
303,Mawile,steel,fairy,105,125,50,50,95,55,480,['Hyper Cutter' 'Intimidate' 'Sheer Force'],3,False
304,Aron,steel,rock,70,100,30,50,40,40,330,['Sturdy' 'Rock Head' 'Heavy Metal'],3,False
305,Lairon,steel,rock,90,140,40,60,50,50,430,['Sturdy' 'Rock Head' 'Heavy Metal'],3,False
306,Aggron,steel,rock,140,230,50,70,80,60,630,['Sturdy' 'Rock Head' 'Heavy Metal'],3,False
307,Meditite,fighting,psychic,40,55,60,30,55,40,280,['Pure Power' 'Telepathy'],3,False
308,Medicham,fighting,psychic,100,85,100,60,85,80,510,['Pure Power' 'Telepathy'],3,False
309,Electrike,electric,,45,40,65,40,40,65,295,['Static' 'Lightningrod' 'Minus'],3,False
310,Manectric,electric,,75,80,135,70,80,135,575,['Static' 'Lightningrod' 'Minus'],3,False
311,Plusle,electric,,50,40,95,60,75,85,405,['Plus' 'Lightningrod'],3,False
312,Minun,electric,,40,50,95,60,85,75,405,['Minus' 'Volt Absorb'],3,False
313,Volbeat,bug,,73,75,85,65,85,47,430,['Illuminate' 'Swarm' 'Prankster'],3,False
314,Illumise,bug,,47,75,85,65,85,73,430,['Oblivious' 'Tinted Lens' 'Prankster'],3,False
315,Roselia,grass,poison,60,45,65,50,80,100,400,['Natural Cure' 'Poison Point' 'Leaf Guard'],3,False
316,Gulpin,poison,,43,53,40,70,53,43,302,['Liquid Ooze' 'Sticky Hold' 'Gluttony'],3,False
317,Swalot,poison,,73,83,55,100,83,73,467,['Liquid Ooze' 'Sticky Hold' 'Gluttony'],3,False
318,Carvanha,water,dark,90,20,65,45,20,65,305,['Rough Skin' 'Speed Boost'],3,False
319,Sharpedo,water,dark,140,70,105,70,65,110,560,['Rough Skin' 'Speed Boost'],3,False
320,Wailmer,water,,70,35,60,130,35,70,400,['Water Veil' 'Oblivious' 'Pressure'],3,False
321,Wailord,water,,90,45,60,170,45,90,500,['Water Veil' 'Oblivious' 'Pressure'],3,False
322,Numel,fire,ground,60,40,35,60,45,65,305,['Oblivious' 'Simple' 'Own Tempo'],3,False
323,Camerupt,fire,ground,120,100,20,70,105,145,560,['Magma Armor' 'Solid Rock' 'Anger Point'],3,False
324,Torkoal,fire,,85,140,20,70,70,85,470,['White Smoke' 'Drought' 'Shell Armor'],3,False
325,Spoink,psychic,,25,35,60,60,80,70,330,['Thick Fat' 'Own Tempo' 'Gluttony'],3,False
326,Grumpig,psychic,,45,65,80,80,110,90,470,['Thick Fat' 'Own Tempo' 'Gluttony'],3,False
327,Spinda,normal,,60,60,60,60,60,60,360,['Own Tempo' 'Tangled Feet' 'Contrary'],3,False
328,Trapinch,ground,,100,45,10,45,45,45,290,['Hyper Cutter' 'Arena Trap' 'Sheer Force'],3,False
329,Vibrava,ground,dragon,70,50,70,50,50,50,340,['Levitate'],3,False
330,Flygon,ground,dragon,100,80,100,80,80,80,520,['Levitate'],3,False
331,Cacnea,grass,,85,40,35,50,40,85,335,['Sand Veil' 'Water Absorb'],3,False
332,Cacturne,grass,dark,115,60,55,70,60,115,475,['Sand Veil' 'Water Absorb'],3,False
333,Swablu,normal,flying,40,60,50,45,75,40,310,['Natural Cure' 'Cloud Nine'],3,False
334,Altaria,dragon,flying,110,110,80,75,105,110,590,['Natural Cure' 'Cloud Nine'],3,False
335,Zangoose,normal,,115,60,90,73,60,60,458,['Immunity' 'Toxic Boost'],3,False
336,Seviper,poison,,100,60,65,73,60,100,458,['Shed Skin' 'Infiltrator'],3,False
337,Lunatone,rock,psychic,55,65,70,90,85,95,460,['Levitate'],3,False
338,Solrock,rock,psychic,95,85,70,90,65,55,460,['Levitate'],3,False
339,Barboach,water,ground,48,43,60,50,41,46,288,['Oblivious' 'Anticipation' 'Hydration'],3,False
340,Whiscash,water,ground,78,73,60,110,71,76,468,['Oblivious' 'Anticipation' 'Hydration'],3,False
341,Corphish,water,,80,65,35,43,35,50,308,['Hyper Cutter' 'Shell Armor' 'Adaptability'],3,False
342,Crawdaunt,water,dark,120,85,55,63,55,90,468,['Hyper Cutter' 'Shell Armor' 'Adaptability'],3,False
343,Baltoy,ground,psychic,40,55,55,40,70,40,300,['Levitate'],3,False
344,Claydol,ground,psychic,70,105,75,60,120,70,500,['Levitate'],3,False
345,Lileep,rock,grass,41,77,23,66,87,61,355,['Suction Cups' 'Storm Drain'],3,False
346,Cradily,rock,grass,81,97,43,86,107,81,495,['Suction Cups' 'Storm Drain'],3,False
347,Anorith,rock,bug,95,50,75,45,50,40,355,['Battle Armor' 'Swift Swim'],3,False
348,Armaldo,rock,bug,125,100,45,75,80,70,495,['Battle Armor' 'Swift Swim'],3,False
349,Feebas,water,,15,20,80,20,55,10,200,['Swift Swim' 'Oblivious' 'Adaptability'],3,False
350,Milotic,water,,60,79,81,95,125,100,540,['Marvel Scale' 'Competitive' 'Cute Charm'],3,False
351,Castform,normal,,70,70,70,70,70,70,420,['Forecast'],3,False
352,Kecleon,normal,,90,70,40,60,120,60,440,['Color Change' 'Protean'],3,False
353,Shuppet,ghost,,75,35,45,44,33,63,295,['Insomnia' 'Frisk' 'Cursed Body'],3,False
354,Banette,ghost,,165,75,75,64,83,93,555,['Insomnia' 'Frisk' 'Cursed Body'],3,False
355,Duskull,ghost,,40,90,25,20,90,30,295,['Levitate' 'Frisk'],3,False
356,Dusclops,ghost,,70,130,25,40,130,60,455,['Pressure' 'Frisk'],3,False
357,Tropius,grass,flying,68,83,51,99,87,72,460,['Chlorophyll' 'Solar Power' 'Harvest'],3,False
358,Chimecho,psychic,,50,80,65,75,90,95,455,['Levitate'],3,False
359,Absol,dark,,150,60,115,65,60,115,565,['Pressure' 'Super Luck' 'Justified'],3,False
360,Wynaut,psychic,,23,48,23,95,48,23,260,['Shadow Tag' 'Telepathy'],3,False
361,Snorunt,ice,,50,50,50,50,50,50,300,['Inner Focus' 'Ice Body' 'Moody'],3,False
362,Glalie,ice,,120,80,100,80,80,120,580,['Inner Focus' 'Ice Body' 'Moody'],3,False
363,Spheal,ice,water,40,50,25,70,50,55,290,['Thick Fat' 'Ice Body' 'Oblivious'],3,False
364,Sealeo,ice,water,60,70,45,90,70,75,410,['Thick Fat' 'Ice Body' 'Oblivious'],3,False
365,Walrein,ice,water,80,90,65,110,90,95,530,['Thick Fat' 'Ice Body' 'Oblivious'],3,False
366,Clamperl,water,,64,85,32,35,55,74,345,['Shell Armor' 'Rattled'],3,False
367,Huntail,water,,104,105,52,55,75,94,485,['Swift Swim' 'Water Veil'],3,False
368,Gorebyss,water,,84,105,52,55,75,114,485,['Swift Swim' 'Hydration'],3,False
369,Relicanth,water,rock,90,130,55,100,65,45,485,['Swift Swim' 'Rock Head' 'Sturdy'],3,False
370,Luvdisc,water,,30,55,97,43,65,40,330,['Swift Swim' 'Hydration'],3,False
371,Bagon,dragon,,75,60,50,45,30,40,300,['Rock Head' 'Sheer Force'],3,False
372,Shelgon,dragon,,95,100,50,65,50,60,420,['Rock Head' 'Overcoat'],3,False
373,Salamence,dragon,flying,145,130,120,95,90,120,700,['Intimidate' 'Moxie'],3,False
374,Beldum,steel,psychic,55,80,30,40,60,35,300,['Clear Body' 'Light Metal'],3,False
375,Metang,steel,psychic,75,100,50,60,80,55,420,['Clear Body' 'Light Metal'],3,False
376,Metagross,steel,psychic,145,150,110,80,110,105,700,['Clear Body' 'Light Metal'],3,False
377,Regirock,rock,,100,200,50,80,100,50,580,['Clear Body' 'Sturdy'],3,True
378,Regice,ice,,50,100,50,80,200,100,580,['Clear Body' 'Ice Body'],3,True
379,Registeel,steel,,75,150,50,80,150,75,580,['Clear Body' 'Light Metal'],3,True
380,Latias,dragon,psychic,100,120,110,80,150,140,700,['Levitate'],3,True
381,Latios,dragon,psychic,130,100,110,80,120,160,700,['Levitate'],3,True
382,Kyogre,water,,150,90,90,100,160,180,770,['Drizzle'],3,True
383,Groudon,ground,,180,160,90,100,90,150,770,['Drought'],3,True
384,Rayquaza,dragon,flying,180,100,115,105,100,180,780,['Air Lock'],3,True
385,Jirachi,steel,psychic,100,100,100,100,100,100,600,['Serene Grace'],3,True
386,Deoxys,psychic,,95,90,180,50,90,95,600,['Pressure'],3,True
387,Turtwig,grass,,68,64,31,55,55,45,318,['Overgrow' 'Shell Armor'],4,False
388,Grotle,grass,,89,85,36,75,65,55,405,['Overgrow' 'Shell Armor'],4,False
389,Torterra,grass,ground,109,105,56,95,85,75,525,['Overgrow' 'Shell Armor'],4,False
390,Chimchar,fire,,58,44,61,44,44,58,309,['Blaze' 'Iron Fist'],4,False
391,Monferno,fire,fighting,78,52,81,64,52,78,405,['Blaze' 'Iron Fist'],4,False
392,Infernape,fire,fighting,104,71,108,76,71,104,534,['Blaze' 'Iron Fist'],4,False
393,Piplup,water,,51,53,40,53,56,61,314,['Torrent' 'Defiant'],4,False
394,Prinplup,water,,66,68,50,64,76,81,405,['Torrent' 'Defiant'],4,False
395,Empoleon,water,steel,86,88,60,84,101,111,530,['Torrent' 'Defiant'],4,False
396,Starly,normal,flying,55,30,60,40,30,30,245,['Keen Eye' 'Reckless'],4,False
397,Staravia,normal,flying,75,50,80,55,40,40,340,['Intimidate' 'Reckless'],4,False
398,Staraptor,normal,flying,120,70,100,85,60,50,485,['Intimidate' 'Reckless'],4,False
399,Bidoof,normal,,45,40,31,59,40,35,250,['Simple' 'Unaware' 'Moody'],4,False
400,Bibarel,normal,water,85,60,71,79,60,55,410,['Simple' 'Unaware' 'Moody'],4,False
401,Kricketot,bug,,25,41,25,37,41,25,194,['Shed Skin' 'Run Away'],4,False
402,Kricketune,bug,,85,51,65,77,51,55,384,['Swarm' 'Technician'],4,False
403,Shinx,electric,,65,34,45,45,34,40,263,['Rivalry' 'Intimidate' 'Guts'],4,False
404,Luxio,electric,,85,49,60,60,49,60,363,['Rivalry' 'Intimidate' 'Guts'],4,False
405,Luxray,electric,,120,79,70,80,79,95,523,['Rivalry' 'Intimidate' 'Guts'],4,False
406,Budew,grass,poison,30,35,55,40,70,50,280,['Natural Cure' 'Poison Point' 'Leaf Guard'],4,False
407,Roserade,grass,poison,70,65,90,60,105,125,515,['Natural Cure' 'Poison Point' 'Technician'],4,False
408,Cranidos,rock,,125,40,58,67,30,30,350,['Mold Breaker' 'Sheer Force'],4,False
409,Rampardos,rock,,165,60,58,97,50,65,495,['Mold Breaker' 'Sheer Force'],4,False
410,Shieldon,rock,steel,42,118,30,30,88,42,350,['Sturdy' 'Soundproof'],4,False
411,Bastiodon,rock,steel,52,168,30,60,138,47,495,['Sturdy' 'Soundproof'],4,False
412,Burmy,bug,,29,45,36,40,45,29,224,['Shed Skin' 'Overcoat'],4,False
413,Wormadam,bug,grass,69,95,36,60,95,69,424,['Anticipation' 'Overcoat'],4,False
414,Mothim,bug,flying,94,50,66,70,50,94,424,['Swarm' 'Tinted Lens'],4,False
415,Combee,bug,flying,30,42,70,30,42,30,244,['Honey Gather' 'Hustle'],4,False
416,Vespiquen,bug,flying,80,102,40,70,102,80,474,['Pressure' 'Unnerve'],4,False
417,Pachirisu,electric,,45,70,95,60,90,45,405,['Run Away' 'Pickup' 'Volt Absorb'],4,False
418,Buizel,water,,65,35,85,55,30,60,330,['Swift Swim' 'Water Veil'],4,False
419,Floatzel,water,,105,55,115,85,50,85,495,['Swift Swim' 'Water Veil'],4,False
420,Cherubi,grass,,35,45,35,45,53,62,275,['Chlorophyll'],4,False
421,Cherrim,grass,,60,70,85,70,78,87,450,['Flower Gift'],4,False
422,Shellos,water,,48,48,34,76,62,57,325,['Sticky Hold' 'Storm Drain' 'Sand Force'],4,False
423,Gastrodon,water,ground,83,68,39,111,82,92,475,['Sticky Hold' 'Storm Drain' 'Sand Force'],4,False
424,Ambipom,normal,,100,66,115,75,66,60,482,['Technician' 'Pickup' 'Skill Link'],4,False
425,Drifloon,ghost,flying,50,34,70,90,44,60,348,['Aftermath' 'Unburden' 'Flare Boost'],4,False
426,Drifblim,ghost,flying,80,44,80,150,54,90,498,['Aftermath' 'Unburden' 'Flare Boost'],4,False
427,Buneary,normal,,66,44,85,55,56,44,350,['Run Away' 'Klutz' 'Limber'],4,False
428,Lopunny,normal,,136,94,135,65,96,54,580,['Cute Charm' 'Klutz' 'Limber'],4,False
429,Mismagius,ghost,,60,60,105,60,105,105,495,['Levitate'],4,False
430,Honchkrow,dark,flying,125,52,71,100,52,105,505,['Insomnia' 'Super Luck' 'Moxie'],4,False
431,Glameow,normal,,55,42,85,49,37,42,310,['Limber' 'Own Tempo' 'Keen Eye'],4,False
432,Purugly,normal,,82,64,112,71,59,64,452,['Thick Fat' 'Own Tempo' 'Defiant'],4,False
433,Chingling,psychic,,30,50,45,45,50,65,285,['Levitate'],4,False
434,Stunky,poison,dark,63,47,74,63,41,41,329,['Stench' 'Aftermath' 'Keen Eye'],4,False
435,Skuntank,poison,dark,93,67,84,103,61,71,479,['Stench' 'Aftermath' 'Keen Eye'],4,False
436,Bronzor,steel,psychic,24,86,23,57,86,24,300,['Levitate' 'Heatproof' 'Heavy Metal'],4,False
437,Bronzong,steel,psychic,89,116,33,67,116,79,500,['Levitate' 'Heatproof' 'Heavy Metal'],4,False
438,Bonsly,rock,,80,95,10,50,45,10,290,['Sturdy' 'Rock Head' 'Rattled'],4,False
439,Mime Jr.,psychic,fairy,25,45,60,20,90,70,310,['Soundproof' 'Filter' 'Technician'],4,False
440,Happiny,normal,,5,5,30,100,65,15,220,['Natural Cure' 'Serene Grace' 'Friend Guard'],4,False
441,Chatot,normal,flying,65,45,91,76,42,92,411,['Keen Eye' 'Tangled Feet' 'Big Pecks'],4,False
442,Spiritomb,ghost,dark,92,108,35,50,108,92,485,['Pressure' 'Infiltrator'],4,False
443,Gible,dragon,ground,70,45,42,58,45,40,300,['Sand Veil' 'Rough Skin'],4,False
444,Gabite,dragon,ground,90,65,82,68,55,50,410,['Sand Veil' 'Rough Skin'],4,False
445,Garchomp,dragon,ground,170,115,92,108,95,120,700,['Sand Veil' 'Rough Skin'],4,False
446,Munchlax,normal,,85,40,5,135,85,40,390,['Pickup' 'Thick Fat' 'Gluttony'],4,False
447,Riolu,fighting,,70,40,60,40,40,35,285,['Steadfast' 'Inner Focus' 'Prankster'],4,False
448,Lucario,fighting,steel,145,88,112,70,70,140,625,['Steadfast' 'Inner Focus' 'Justified'],4,False
449,Hippopotas,ground,,72,78,32,68,42,38,330,['Sand Stream' 'Sand Force'],4,False
450,Hippowdon,ground,,112,118,47,108,72,68,525,['Sand Stream' 'Sand Force'],4,False
451,Skorupi,poison,bug,50,90,65,40,55,30,330,['Battle Armor' 'Sniper' 'Keen Eye'],4,False
452,Drapion,poison,dark,90,110,95,70,75,60,500,['Battle Armor' 'Sniper' 'Keen Eye'],4,False
453,Croagunk,poison,fighting,61,40,50,48,40,61,300,['Anticipation' 'Dry Skin' 'Poison Touch'],4,False
454,Toxicroak,poison,fighting,106,65,85,83,65,86,490,['Anticipation' 'Dry Skin' 'Poison Touch'],4,False
455,Carnivine,grass,,100,72,46,74,72,90,454,['Levitate'],4,False
456,Finneon,water,,49,56,66,49,61,49,330,['Swift Swim' 'Storm Drain' 'Water Veil'],4,False
457,Lumineon,water,,69,76,91,69,86,69,460,['Swift Swim' 'Storm Drain' 'Water Veil'],4,False
458,Mantyke,water,flying,20,50,50,45,120,60,345,['Swift Swim' 'Water Absorb' 'Water Veil'],4,False
459,Snover,grass,ice,62,50,40,60,60,62,334,['Snow Warning' 'Soundproof'],4,False
460,Abomasnow,grass,ice,132,105,30,90,105,132,594,['Snow Warning' 'Soundproof'],4,False
461,Weavile,dark,ice,120,65,125,70,85,45,510,['Pressure' 'Pickpocket'],4,False
462,Magnezone,electric,steel,70,115,60,70,90,130,535,['Magnet Pull' 'Sturdy' 'Analytic'],4,False
463,Lickilicky,normal,,85,95,50,110,95,80,515,['Own Tempo' 'Oblivious' 'Cloud Nine'],4,False
464,Rhyperior,ground,rock,140,130,40,115,55,55,535,['Lightningrod' 'Solid Rock' 'Reckless'],4,False
465,Tangrowth,grass,,100,125,50,100,50,110,535,['Chlorophyll' 'Leaf Guard' 'Regenerator'],4,False
466,Electivire,electric,,123,67,95,75,85,95,540,['Motor Drive' 'Vital Spirit'],4,False
467,Magmortar,fire,,95,67,83,75,95,125,540,['Flame Body' 'Vital Spirit'],4,False
468,Togekiss,fairy,flying,50,95,80,85,115,120,545,['Hustle' 'Serene Grace' 'Super Luck'],4,False
469,Yanmega,bug,flying,76,86,95,86,56,116,515,['Speed Boost' 'Tinted Lens' 'Frisk'],4,False
470,Leafeon,grass,,110,130,95,65,65,60,525,['Leaf Guard' 'Chlorophyll'],4,False
471,Glaceon,ice,,60,110,65,65,95,130,525,['Snow Cloak' 'Ice Body'],4,False
472,Gliscor,ground,flying,95,125,95,75,75,45,510,['Hyper Cutter' 'Sand Veil' 'Poison Heal'],4,False
473,Mamoswine,ice,ground,130,80,80,110,60,70,530,['Oblivious' 'Snow Cloak' 'Thick Fat'],4,False
474,Porygon-Z,normal,,80,70,90,85,75,135,535,['Adaptability' 'Download' 'Analytic'],4,False
475,Gallade,psychic,fighting,165,95,110,68,115,65,618,['Steadfast' 'Justified'],4,False
476,Probopass,rock,steel,55,145,40,60,150,75,525,['Sturdy' 'Magnet Pull' 'Sand Force'],4,False
477,Dusknoir,ghost,,100,135,45,45,135,65,525,['Pressure' 'Frisk'],4,False
478,Froslass,ice,ghost,80,70,110,70,70,80,480,['Snow Cloak' 'Cursed Body'],4,False
479,Rotom,electric,ghost,65,107,86,50,107,105,520,['Levitate'],4,False
480,Uxie,psychic,,75,130,95,75,130,75,580,['Levitate'],4,True
481,Mesprit,psychic,,105,105,80,80,105,105,580,['Levitate'],4,True
482,Azelf,psychic,,125,70,115,75,70,125,580,['Levitate'],4,True
483,Dialga,steel,dragon,120,120,90,100,100,150,680,['Pressure' 'Telepathy'],4,True
484,Palkia,water,dragon,120,100,100,90,120,150,680,['Pressure' 'Telepathy'],4,True
485,Heatran,fire,steel,90,106,77,91,106,130,600,['Flash Fire' 'Flame Body'],4,True
486,Regigigas,normal,,160,110,100,110,110,80,670,['Slow Start'],4,True
487,Giratina,ghost,dragon,120,100,90,150,100,120,680,['Pressure' 'Telepathy' 'Levitate'],4,True
488,Cresselia,psychic,,70,120,85,120,130,75,600,['Levitate'],4,True
489,Phione,water,,80,80,80,80,80,80,480,['Hydration'],4,False
490,Manaphy,water,,100,100,100,100,100,100,600,['Hydration'],4,True
491,Darkrai,dark,,90,90,125,70,90,135,600,['Bad Dreams'],4,True
492,Shaymin,grass,grass,103,75,127,100,75,120,600,['Natural Cure' 'Serene Grace'],4,True
493,Arceus,normal,,120,120,120,120,120,120,720,['Multitype'],4,True
494,Victini,psychic,fire,100,100,100,100,100,100,600,['Victory Star'],5,True
495,Snivy,grass,,45,55,63,45,55,45,308,['Overgrow' 'Contrary'],5,False
496,Servine,grass,,60,75,83,60,75,60,413,['Overgrow' 'Contrary'],5,False
497,Serperior,grass,,75,95,113,75,95,75,528,['Overgrow' 'Contrary'],5,False
498,Tepig,fire,,63,45,45,65,45,45,308,['Blaze' 'Thick Fat'],5,False
499,Pignite,fire,fighting,93,55,55,90,55,70,418,['Blaze' 'Thick Fat'],5,False
500,Emboar,fire,fighting,123,65,65,110,65,100,528,['Blaze' 'Reckless'],5,False
501,Oshawott,water,,55,45,45,55,45,63,308,['Torrent' 'Shell Armor'],5,False
502,Dewott,water,,75,60,60,75,60,83,413,['Torrent' 'Shell Armor'],5,False
503,Samurott,water,,100,85,70,95,70,108,528,['Torrent' 'Shell Armor'],5,False
504,Patrat,normal,,55,39,42,45,39,35,255,['Run Away' 'Keen Eye' 'Analytic'],5,False
505,Watchog,normal,,85,69,77,60,69,60,420,['Illuminate' 'Keen Eye' 'Analytic'],5,False
506,Lillipup,normal,,60,45,55,45,45,25,275,['Vital Spirit' 'Pickup' 'Run Away'],5,False
507,Herdier,normal,,80,65,60,65,65,35,370,['Intimidate' 'Sand Rush' 'Scrappy'],5,False
508,Stoutland,normal,,110,90,80,85,90,45,500,['Intimidate' 'Sand Rush' 'Scrappy'],5,False
509,Purrloin,dark,,50,37,66,41,37,50,281,['Limber' 'Unburden' 'Prankster'],5,False
510,Liepard,dark,,88,50,106,64,50,88,446,['Limber' 'Unburden' 'Prankster'],5,False
511,Pansage,grass,,53,48,64,50,48,53,316,['Gluttony' 'Overgrow'],5,False
512,Simisage,grass,,98,63,101,75,63,98,498,['Gluttony' 'Overgrow'],5,False
513,Pansear,fire,,53,48,64,50,48,53,316,['Gluttony' 'Blaze'],5,False
514,Simisear,fire,,98,63,101,75,63,98,498,['Gluttony' 'Blaze'],5,False
515,Panpour,water,,53,48,64,50,48,53,316,['Gluttony' 'Torrent'],5,False
516,Simipour,water,,98,63,101,75,63,98,498,['Gluttony' 'Torrent'],5,False
517,Munna,psychic,,25,45,24,76,55,67,292,['Forewarn' 'Synchronize' 'Telepathy'],5,False
518,Musharna,psychic,,55,85,29,116,95,107,487,['Forewarn' 'Synchronize' 'Telepathy'],5,False
519,Pidove,normal,flying,55,50,43,50,30,36,264,['Big Pecks' 'Super Luck' 'Rivalry'],5,False
520,Tranquill,normal,flying,77,62,65,62,42,50,358,['Big Pecks' 'Super Luck' 'Rivalry'],5,False
521,Unfezant,normal,flying,115,80,93,80,55,65,488,['Big Pecks' 'Super Luck' 'Rivalry'],5,False
522,Blitzle,electric,,60,32,76,45,32,50,295,['Lightningrod' 'Motor Drive' 'Sap Sipper'],5,False
523,Zebstrika,electric,,100,63,116,75,63,80,497,['Lightningrod' 'Motor Drive' 'Sap Sipper'],5,False
524,Roggenrola,rock,,75,85,15,55,25,25,280,['Sturdy' 'Weak Armor' 'Sand Force'],5,False
525,Boldore,rock,,105,105,20,70,40,50,390,['Sturdy' 'Weak Armor' 'Sand Force'],5,False
526,Gigalith,rock,,135,130,25,85,80,60,515,['Sturdy' 'Sand Stream' 'Sand Force'],5,False
527,Woobat,psychic,flying,45,43,72,65,43,55,323,['Unaware' 'Klutz' 'Simple'],5,False
528,Swoobat,psychic,flying,57,55,114,67,55,77,425,['Unaware' 'Klutz' 'Simple'],5,False
529,Drilbur,ground,,85,40,68,60,45,30,328,['Sand Rush' 'Sand Force' 'Mold Breaker'],5,False
530,Excadrill,ground,steel,135,60,88,110,65,50,508,['Sand Rush' 'Sand Force' 'Mold Breaker'],5,False
531,Audino,normal,,60,126,50,103,126,80,545,['Healer' 'Regenerator' 'Klutz'],5,False
532,Timburr,fighting,,80,55,35,75,35,25,305,['Guts' 'Sheer Force' 'Iron Fist'],5,False
533,Gurdurr,fighting,,105,85,40,85,50,40,405,['Guts' 'Sheer Force' 'Iron Fist'],5,False
534,Conkeldurr,fighting,,140,95,45,105,65,55,505,['Guts' 'Sheer Force' 'Iron Fist'],5,False
535,Tympole,water,,50,40,64,50,40,50,294,['Swift Swim' 'Hydration' 'Water Absorb'],5,False
536,Palpitoad,water,ground,65,55,69,75,55,65,384,['Swift Swim' 'Hydration' 'Water Absorb'],5,False
537,Seismitoad,water,ground,95,75,74,105,75,85,509,['Swift Swim' 'Poison Touch' 'Water Absorb'],5,False
538,Throh,fighting,,100,85,45,120,85,30,465,['Guts' 'Inner Focus' 'Mold Breaker'],5,False
539,Sawk,fighting,,125,75,85,75,75,30,465,['Sturdy' 'Inner Focus' 'Mold Breaker'],5,False
540,Sewaddle,bug,grass,53,70,42,45,60,40,310,['Swarm' 'Chlorophyll' 'Overcoat'],5,False
541,Swadloon,bug,grass,63,90,42,55,80,50,380,['Leaf Guard' 'Chlorophyll' 'Overcoat'],5,False
542,Leavanny,bug,grass,103,80,92,75,80,70,500,['Swarm' 'Chlorophyll' 'Overcoat'],5,False
543,Venipede,bug,poison,45,59,57,30,39,30,260,['Poison Point' 'Swarm' 'Speed Boost'],5,False
544,Whirlipede,bug,poison,55,99,47,40,79,40,360,['Poison Point' 'Swarm' 'Speed Boost'],5,False
545,Scolipede,bug,poison,100,89,112,60,69,55,485,['Poison Point' 'Swarm' 'Speed Boost'],5,False
546,Cottonee,grass,fairy,27,60,66,40,50,37,280,['Prankster' 'Infiltrator' 'Chlorophyll'],5,False
547,Whimsicott,grass,fairy,67,85,116,60,75,77,480,['Prankster' 'Infiltrator' 'Chlorophyll'],5,False
548,Petilil,grass,,35,50,30,45,50,70,280,['Chlorophyll' 'Own Tempo' 'Leaf Guard'],5,False
549,Lilligant,grass,,60,75,90,70,75,110,480,['Chlorophyll' 'Own Tempo' 'Leaf Guard'],5,False
550,Basculin,water,,92,65,98,70,55,80,460,['Reckless' 'Rock Head' 'Adaptability' 'Mold Breaker'],5,False
551,Sandile,ground,dark,72,35,65,50,35,35,292,['Intimidate' 'Moxie' 'Anger Point'],5,False
552,Krokorok,ground,dark,82,45,74,60,45,45,351,['Intimidate' 'Moxie' 'Anger Point'],5,False
553,Krookodile,ground,dark,117,80,92,95,70,65,519,['Intimidate' 'Moxie' 'Anger Point'],5,False
554,Darumaka,fire,,90,45,50,70,45,15,315,['Hustle' 'Inner Focus'],5,False
555,Darmanitan,fire,fire,30,105,55,105,105,140,540,['Sheer Force' 'Zen Mode'],5,False
556,Maractus,grass,,86,67,60,75,67,106,461,['Water Absorb' 'Chlorophyll' 'Storm Drain'],5,False
557,Dwebble,bug,rock,65,85,55,50,35,35,325,['Sturdy' 'Shell Armor' 'Weak Armor'],5,False
558,Crustle,bug,rock,105,125,45,70,75,65,485,['Sturdy' 'Shell Armor' 'Weak Armor'],5,False
559,Scraggy,dark,fighting,75,70,48,50,70,35,348,['Shed Skin' 'Moxie' 'Intimidate'],5,False
560,Scrafty,dark,fighting,90,115,58,65,115,45,488,['Shed Skin' 'Moxie' 'Intimidate'],5,False
561,Sigilyph,psychic,flying,58,80,97,72,80,103,490,['Wonder Skin ' 'Magic Guard' 'Tinted Lens'],5,False
562,Yamask,ghost,,30,85,30,38,65,55,303,['Mummy'],5,False
563,Cofagrigus,ghost,,50,145,30,58,105,95,483,['Mummy'],5,False
564,Tirtouga,water,rock,78,103,22,54,45,53,355,['Solid Rock' 'Sturdy' 'Swift Swim'],5,False
565,Carracosta,water,rock,108,133,32,74,65,83,495,['Solid Rock' 'Sturdy' 'Swift Swim'],5,False
566,Archen,rock,flying,112,45,70,55,45,74,401,['Defeatist'],5,False
567,Archeops,rock,flying,140,65,110,75,65,112,567,['Defeatist'],5,False
568,Trubbish,poison,,50,62,65,50,62,40,329,['Stench' 'Sticky Hold' 'Aftermath'],5,False
569,Garbodor,poison,,95,82,75,80,82,60,474,['Stench' 'Weak Armor' 'Aftermath'],5,False
570,Zorua,dark,,65,40,65,40,40,80,330,['Illusion'],5,False
571,Zoroark,dark,,105,60,105,60,60,120,510,['Illusion'],5,False
572,Minccino,normal,,50,40,75,55,40,40,300,['Cute Charm' 'Technician' 'Skill Link'],5,False
573,Cinccino,normal,,95,60,115,75,60,65,470,['Cute Charm' 'Technician' 'Skill Link'],5,False
574,Gothita,psychic,,30,50,45,45,65,55,290,['Frisk' 'Competitive' 'Shadow Tag'],5,False
575,Gothorita,psychic,,45,70,55,60,85,75,390,['Frisk' 'Competitive' 'Shadow Tag'],5,False
576,Gothitelle,psychic,,55,95,65,70,110,95,490,['Frisk' 'Competitive' 'Shadow Tag'],5,False
577,Solosis,psychic,,30,40,20,45,50,105,290,['Overcoat' 'Magic Guard' 'Regenerator'],5,False
578,Duosion,psychic,,40,50,30,65,60,125,370,['Overcoat' 'Magic Guard' 'Regenerator'],5,False
579,Reuniclus,psychic,,65,75,30,110,85,125,490,['Overcoat' 'Magic Guard' 'Regenerator'],5,False
580,Ducklett,water,flying,44,50,55,62,50,44,305,['Keen Eye' 'Big Pecks' 'Hydration'],5,False
581,Swanna,water,flying,87,63,98,75,63,87,473,['Keen Eye' 'Big Pecks' 'Hydration'],5,False
582,Vanillite,ice,,50,50,44,36,60,65,305,['Ice Body' 'Snow Cloak' 'Weak Armor'],5,False
583,Vanillish,ice,,65,65,59,51,75,80,395,['Ice Body' 'Snow Cloak' 'Weak Armor'],5,False
584,Vanilluxe,ice,,95,85,79,71,95,110,535,['Ice Body' 'Snow Warning' 'Weak Armor'],5,False
585,Deerling,normal,grass,60,50,75,60,50,40,335,['Chlorophyll' 'Sap Sipper' 'Serene Grace'],5,False
586,Sawsbuck,normal,grass,100,70,95,80,70,60,475,['Chlorophyll' 'Sap Sipper' 'Serene Grace'],5,False
587,Emolga,electric,flying,75,60,103,55,60,75,428,['Static' 'Motor Drive'],5,False
588,Karrablast,bug,,75,45,60,50,45,40,315,['Swarm' 'Shed Skin' 'No Guard'],5,False
589,Escavalier,bug,steel,135,105,20,70,105,60,495,['Swarm' 'Shell Armor' 'Overcoat'],5,False
590,Foongus,grass,poison,55,45,15,69,55,55,294,['Effect Spore' 'Regenerator'],5,False
591,Amoonguss,grass,poison,85,70,30,114,80,85,464,['Effect Spore' 'Regenerator'],5,False
592,Frillish,water,ghost,40,50,40,55,85,65,335,['Water Absorb' 'Cursed Body' 'Damp'],5,False
593,Jellicent,water,ghost,60,70,60,100,105,85,480,['Water Absorb' 'Cursed Body' 'Damp'],5,False
594,Alomomola,water,,75,80,65,165,45,40,470,['Healer' 'Hydration' 'Regenerator'],5,False
595,Joltik,bug,electric,47,50,65,50,50,57,319,['Compoundeyes' 'Unnerve' 'Swarm'],5,False
596,Galvantula,bug,electric,77,60,108,70,60,97,472,['Compoundeyes' 'Unnerve' 'Swarm'],5,False
597,Ferroseed,grass,steel,50,91,10,44,86,24,305,['Iron Barbs'],5,False
598,Ferrothorn,grass,steel,94,131,20,74,116,54,489,['Iron Barbs' 'Anticipation'],5,False
599,Klink,steel,,55,70,30,40,60,45,300,['Plus' 'Minus' 'Clear Body'],5,False
600,Klang,steel,,80,95,50,60,85,70,440,['Plus' 'Minus' 'Clear Body'],5,False
601,Klinklang,steel,,100,115,90,60,85,70,520,['Plus' 'Minus' 'Clear Body'],5,False
602,Tynamo,electric,,55,40,60,35,40,45,275,['Levitate'],5,False
603,Eelektrik,electric,,85,70,40,65,70,75,405,['Levitate'],5,False
604,Eelektross,electric,,115,80,50,85,80,105,515,['Levitate'],5,False
605,Elgyem,psychic,,55,55,30,55,55,85,335,['Telepathy' 'Synchronize' 'Analytic'],5,False
606,Beheeyem,psychic,,75,75,40,75,95,125,485,['Telepathy' 'Synchronize' 'Analytic'],5,False
607,Litwick,ghost,fire,30,55,20,50,55,65,275,['Flash Fire' 'Flame Body' 'Infiltrator'],5,False
608,Lampent,ghost,fire,40,60,55,60,60,95,370,['Flash Fire' 'Flame Body' 'Infiltrator'],5,False
609,Chandelure,ghost,fire,55,90,80,60,90,145,520,['Flash Fire' 'Flame Body' 'Infiltrator'],5,False
610,Axew,dragon,,87,60,57,46,40,30,320,['Rivalry' 'Mold Breaker' 'Unnerve'],5,False
611,Fraxure,dragon,,117,70,67,66,50,40,410,['Rivalry' 'Mold Breaker' 'Unnerve'],5,False
612,Haxorus,dragon,,147,90,97,76,70,60,540,['Rivalry' 'Mold Breaker' 'Unnerve'],5,False
613,Cubchoo,ice,,70,40,40,55,40,60,305,['Snow Cloak' 'Slush Rush' 'Rattled'],5,False
614,Beartic,ice,,130,80,50,95,80,70,505,['Snow Cloak' 'Slush Rush' 'Swift Swim'],5,False
615,Cryogonal,ice,,50,50,105,80,135,95,515,['Levitate'],5,False
616,Shelmet,bug,,40,85,25,50,65,40,305,['Hydration' 'Shell Armor' 'Overcoat'],5,False
617,Accelgor,bug,,70,40,145,80,60,100,495,['Hydration' 'Sticky Hold' 'Unburden'],5,False
618,Stunfisk,ground,electric,66,84,32,109,99,81,471,['Static' 'Limber' 'Sand Veil'],5,False
619,Mienfoo,fighting,,85,50,65,45,50,55,350,['Inner Focus' 'Regenerator' 'Reckless'],5,False
620,Mienshao,fighting,,125,60,105,65,60,95,510,['Inner Focus' 'Regenerator' 'Reckless'],5,False
621,Druddigon,dragon,,120,90,48,77,90,60,485,['Rough Skin' 'Sheer Force' 'Mold Breaker'],5,False
622,Golett,ground,ghost,74,50,35,59,50,35,303,['Iron Fist' 'Klutz' 'No Guard'],5,False
623,Golurk,ground,ghost,124,80,55,89,80,55,483,['Iron Fist' 'Klutz' 'No Guard'],5,False
624,Pawniard,dark,steel,85,70,60,45,40,40,340,['Defiant' 'Inner Focus' 'Pressure'],5,False
625,Bisharp,dark,steel,125,100,70,65,70,60,490,['Defiant' 'Inner Focus' 'Pressure'],5,False
626,Bouffalant,normal,,110,95,55,95,95,40,490,['Reckless' 'Sap Sipper' 'Soundproof'],5,False
627,Rufflet,normal,flying,83,50,60,70,50,37,350,['Keen Eye' 'Sheer Force' 'Hustle'],5,False
628,Braviary,normal,flying,123,75,80,100,75,57,510,['Keen Eye' 'Sheer Force' 'Defiant'],5,False
629,Vullaby,dark,flying,55,75,60,70,65,45,370,['Big Pecks' 'Overcoat' 'Weak Armor'],5,False
630,Mandibuzz,dark,flying,65,105,80,110,95,55,510,['Big Pecks' 'Overcoat' 'Weak Armor'],5,False
631,Heatmor,fire,,97,66,65,85,66,105,484,['Gluttony' 'Flash Fire' 'White Smoke'],5,False
632,Durant,bug,steel,109,112,109,58,48,48,484,['Swarm' 'Hustle' 'Truant'],5,False
633,Deino,dark,dragon,65,50,38,52,50,45,300,['Hustle'],5,False
634,Zweilous,dark,dragon,85,70,58,72,70,65,420,['Hustle'],5,False
635,Hydreigon,dark,dragon,105,90,98,92,90,125,600,['Levitate'],5,False
636,Larvesta,bug,fire,85,55,60,55,55,50,360,['Flame Body' 'Swarm'],5,False
637,Volcarona,bug,fire,60,65,100,85,105,135,550,['Flame Body' 'Swarm'],5,False
638,Cobalion,steel,fighting,90,129,108,91,72,90,580,['Justified'],5,True
639,Terrakion,rock,fighting,129,90,108,91,90,72,580,['Justified'],5,True
640,Virizion,grass,fighting,90,72,108,91,129,90,580,['Justified'],5,True
641,Tornadus,flying,,100,80,121,79,90,110,580,['Prankster' 'Defiant' 'Regenerator'],5,True
642,Thundurus,electric,flying,105,70,101,79,80,145,580,['Prankster' 'Defiant' 'Volt Absorb'],5,True
643,Reshiram,dragon,fire,120,100,90,100,120,150,680,['Turboblaze'],5,True
644,Zekrom,dragon,electric,150,120,90,100,100,120,680,['Teravolt'],5,True
645,Landorus,ground,flying,145,90,91,89,80,105,600,['Sand Force' 'Sheer Force' 'Intimidate'],5,True
646,Kyurem,dragon,ice,120,90,95,125,100,170,700,['Pressure' 'Teravolt' 'Turboblaze'],5,True
647,Keldeo,water,fighting,72,90,108,91,90,129,580,['Justified'],5,True
648,Meloetta,normal,psychic,128,90,128,100,77,77,600,['Serene Grace'],5,True
649,Genesect,bug,steel,120,95,99,71,95,120,600,['Download'],5,True
650,Chespin,grass,,61,65,38,56,45,48,313,['Overgrow' 'Bulletproof'],6,False
651,Quilladin,grass,,78,95,57,61,58,56,405,['Overgrow' 'Bulletproof'],6,False
652,Chesnaught,grass,fighting,107,122,64,88,75,74,530,['Overgrow' 'Bulletproof'],6,False
653,Fennekin,fire,,45,40,60,40,60,62,307,['Blaze' 'Magician'],6,False
654,Braixen,fire,,59,58,73,59,70,90,409,['Blaze' 'Magician'],6,False
655,Delphox,fire,psychic,69,72,104,75,100,114,534,['Blaze' 'Magician'],6,False
656,Froakie,water,,56,40,71,41,44,62,314,['Torrent' 'Protean'],6,False
657,Frogadier,water,,63,52,97,54,56,83,405,['Torrent' 'Protean'],6,False
658,Greninja,water,dark,145,67,132,72,71,153,640,['Torrent' 'Protean' 'Battle Bond'],6,False
659,Bunnelby,normal,,36,38,57,38,36,32,237,['Pickup' 'Cheek Pouch' 'Huge Power'],6,False
660,Diggersby,normal,ground,56,77,78,85,77,50,423,['Pickup' 'Cheek Pouch' 'Huge Power'],6,False
661,Fletchling,normal,flying,50,43,62,45,38,40,278,['Big Pecks' 'Gale Wings'],6,False
662,Fletchinder,fire,flying,73,55,84,62,52,56,382,['Flame Body' 'Gale Wings'],6,False
663,Talonflame,fire,flying,81,71,126,78,69,74,499,['Flame Body' 'Gale Wings'],6,False
664,Scatterbug,bug,,35,40,35,38,25,27,200,['Shield Dust' 'Compoundeyes' 'Friend Guard'],6,False
665,Spewpa,bug,,22,60,29,45,30,27,213,['Shed Skin' 'Friend Guard'],6,False
666,Vivillon,bug,flying,52,50,89,80,50,90,411,['Shield Dust' 'Compoundeyes' 'Friend Guard'],6,False
667,Litleo,fire,normal,50,58,72,62,54,73,369,['Rivalry' 'Unnerve' 'Moxie'],6,False
668,Pyroar,fire,normal,68,72,106,86,66,109,507,['Rivalry' 'Unnerve' 'Moxie'],6,False
669,Flabébé,fairy,,38,39,42,44,79,61,303,['Flower Veil' 'Symbiosis'],6,False
670,Floette,fairy,,65,67,92,74,128,125,551,['Flower Veil' 'Symbiosis'],6,False
671,Florges,fairy,,65,68,75,78,154,112,552,['Flower Veil' 'Symbiosis'],6,False
672,Skiddo,grass,,65,48,52,66,57,62,350,['Sap Sipper' 'Grass Pelt'],6,False
673,Gogoat,grass,,100,62,68,123,81,97,531,['Sap Sipper' 'Grass Pelt'],6,False
674,Pancham,fighting,,82,62,43,67,48,46,348,['Iron Fist' 'Mold Breaker' 'Scrappy'],6,False
675,Pangoro,fighting,dark,124,78,58,95,71,69,495,['Iron Fist' 'Mold Breaker' 'Scrappy'],6,False
676,Furfrou,normal,,80,60,102,75,90,65,472,['Fur Coat'],6,False
677,Espurr,psychic,,48,54,68,62,60,63,355,['Keen Eye' 'Infiltrator' 'Own Tempo'],6,False
678,Meowstic,psychic,,48,76,104,74,81,83,466,['Keen Eye' 'Infiltrator' 'Prankster' 'Competitive'],6,False
679,Honedge,steel,ghost,80,100,28,45,37,35,325,['No Guard'],6,False
680,Doublade,steel,ghost,110,150,35,59,49,45,448,['No Guard'],6,False
681,Aegislash,steel,ghost,150,50,60,60,50,150,520,['Stance Change'],6,False
682,Spritzee,fairy,,52,60,23,78,65,63,341,['Healer' 'Aroma Veil'],6,False
683,Aromatisse,fairy,,72,72,29,101,89,99,462,['Healer' 'Aroma Veil'],6,False
684,Swirlix,fairy,,48,66,49,62,57,59,341,['Sweet Veil' 'Unburden'],6,False
685,Slurpuff,fairy,,80,86,72,82,75,85,480,['Sweet Veil' 'Unburden'],6,False
686,Inkay,dark,psychic,54,53,45,53,46,37,288,['Contrary' 'Suction Cups' 'Infiltrator'],6,False
687,Malamar,dark,psychic,92,88,73,86,75,68,482,['Contrary' 'Suction Cups' 'Infiltrator'],6,False
688,Binacle,rock,water,52,67,50,42,56,39,306,['Tough Claws' 'Sniper' 'Pickpocket'],6,False
689,Barbaracle,rock,water,105,115,68,72,86,54,500,['Tough Claws' 'Sniper' 'Pickpocket'],6,False
690,Skrelp,poison,water,60,60,30,50,60,60,320,['Poison Point' 'Poison Touch' 'Adaptability'],6,False
691,Dragalge,poison,dragon,75,90,44,65,123,97,494,['Poison Point' 'Poison Touch' 'Adaptability'],6,False
692,Clauncher,water,,53,62,44,50,63,58,330,['Mega Launcher'],6,False
693,Clawitzer,water,,73,88,59,71,89,120,500,['Mega Launcher'],6,False
694,Helioptile,electric,normal,38,33,70,44,43,61,289,['Dry Skin' 'Sand Veil' 'Solar Power'],6,False
695,Heliolisk,electric,normal,55,52,109,62,94,109,481,['Dry Skin' 'Sand Veil' 'Solar Power'],6,False
696,Tyrunt,rock,dragon,89,77,48,58,45,45,362,['Strong Jaw' 'Sturdy'],6,False
697,Tyrantrum,rock,dragon,121,119,71,82,59,69,521,['Strong Jaw' 'Rock Head'],6,False
698,Amaura,rock,ice,59,50,46,77,63,67,362,['Refrigerate' 'Snow Warning'],6,False
699,Aurorus,rock,ice,77,72,58,123,92,99,521,['Refrigerate' 'Snow Warning'],6,False
700,Sylveon,fairy,,65,65,60,95,130,110,525,['Cute Charm' 'Pixilate'],6,False
701,Hawlucha,fighting,flying,92,75,118,78,63,74,500,['Limber' 'Unburden' 'Mold Breaker'],6,False
702,Dedenne,electric,fairy,58,57,101,67,67,81,431,['Cheek Pouch' 'Pickup' 'Plus'],6,False
703,Carbink,rock,fairy,50,150,50,50,150,50,500,['Clear Body' 'Sturdy'],6,False
704,Goomy,dragon,,50,35,40,45,75,55,300,['Sap Sipper' 'Hydration' 'Gooey'],6,False
705,Sliggoo,dragon,,75,53,60,68,113,83,452,['Sap Sipper' 'Hydration' 'Gooey'],6,False
706,Goodra,dragon,,100,70,80,90,150,110,600,['Sap Sipper' 'Hydration' 'Gooey'],6,False
707,Klefki,steel,fairy,80,91,75,57,87,80,470,['Prankster' 'Magician'],6,False
708,Phantump,ghost,grass,70,48,38,43,60,50,309,['Natural Cure' 'Frisk' 'Harvest'],6,False
709,Trevenant,ghost,grass,110,76,56,85,82,65,474,['Natural Cure' 'Frisk' 'Harvest'],6,False
710,Pumpkaboo,ghost,grass,66,70,41,59,55,44,335,['Pickup' 'Frisk' 'Insomnia'],6,False
711,Gourgeist,ghost,grass,100,122,54,85,75,58,494,['Pickup' 'Frisk' 'Insomnia'],6,False
712,Bergmite,ice,,69,85,28,55,35,32,304,['Own Tempo' 'Ice Body' 'Sturdy'],6,False
713,Avalugg,ice,,117,184,28,95,46,44,514,['Own Tempo' 'Ice Body' 'Sturdy'],6,False
714,Noibat,flying,dragon,30,35,55,40,40,45,245,['Frisk' 'Infiltrator' 'Telepathy'],6,False
715,Noivern,flying,dragon,70,80,123,85,80,97,535,['Frisk' 'Infiltrator' 'Telepathy'],6,False
716,Xerneas,fairy,,131,95,99,126,98,131,680,['Fairy Aura'],6,True
717,Yveltal,dark,flying,131,95,99,126,98,131,680,['Dark Aura'],6,True
718,Zygarde,dragon,ground,100,121,85,216,95,91,708,['Aura Break' 'Power Construct'],6,True
719,Diancie,rock,fairy,160,110,110,50,110,160,700,['Clear Body'],6,True
720,Hoopa,psychic,ghost,160,60,80,80,130,170,680,['Magician'],6,True
721,Volcanion,fire,water,110,120,70,80,90,130,600,['Water Absorb'],6,True
722,Rowlet,grass,flying,55,55,42,68,50,50,320,['Overgrow' 'Long Reach'],7,False
723,Dartrix,grass,flying,75,75,52,78,70,70,420,['Overgrow' 'Long Reach'],7,False
724,Decidueye,grass,ghost,107,75,70,78,100,100,530,['Overgrow' 'Long Reach'],7,False
725,Litten,fire,,65,40,70,45,40,60,320,['Blaze' 'Intimidate'],7,False
726,Torracat,fire,,85,50,90,65,50,80,420,['Blaze' 'Intimidate'],7,False
727,Incineroar,fire,dark,115,90,60,95,90,80,530,['Blaze' 'Intimidate'],7,False
728,Popplio,water,,54,54,40,50,56,66,320,['Torrent' 'Liquid Voice'],7,False
729,Brionne,water,,69,69,50,60,81,91,420,['Torrent' 'Liquid Voice'],7,False
730,Primarina,water,fairy,74,74,60,80,116,126,530,['Torrent' 'Liquid Voice'],7,False
731,Pikipek,normal,flying,75,30,65,35,30,30,265,['Keen Eye' 'Skill Link' 'Pickup'],7,False
732,Trumbeak,normal,flying,85,50,75,55,50,40,355,['Keen Eye' 'Skill Link' 'Pickup'],7,False
733,Toucannon,normal,flying,120,75,60,80,75,75,485,['Keen Eye' 'Skill Link' 'Sheer Force'],7,False
734,Yungoos,normal,,70,30,45,48,30,30,253,['Stakeout' 'Strong Jaw' 'Adaptability'],7,False
735,Gumshoos,normal,,110,60,45,88,60,55,418,['Stakeout' 'Strong Jaw' 'Adaptability'],7,False
736,Grubbin,bug,,62,45,46,47,45,55,300,['Swarm'],7,False
737,Charjabug,bug,electric,82,95,36,57,75,55,400,['Battery'],7,False
738,Vikavolt,bug,electric,70,90,43,77,75,145,500,['Levitate'],7,False
739,Crabrawler,fighting,,82,57,63,47,47,42,338,['Hyper Cutter' 'Iron Fist' 'Anger Point'],7,False
740,Crabominable,fighting,ice,132,77,43,97,67,62,478,['Hyper Cutter' 'Iron Fist' 'Anger Point'],7,False
741,Oricorio,fire,flying,70,70,93,75,70,98,476,['Dancer'],7,False
742,Cutiefly,bug,fairy,45,40,84,40,40,55,304,['Honey Gather' 'Shield Dust' 'Sweet Veil'],7,False
743,Ribombee,bug,fairy,55,60,124,60,70,95,464,['Honey Gather' 'Shield Dust' 'Sweet Veil'],7,False
744,Rockruff,rock,,65,40,60,45,40,30,280,['Keen Eye' 'Vital Spirit' 'Steadfast'],7,False
745,Lycanroc,rock,,115,75,82,85,75,55,487,['Keen Eye' 'Sand Rush' 'Steadfast' 'Keen Eye' 'Vital Spirit' 'No Guard'],7,False
746,Wishiwashi,water,,140,130,30,45,135,140,620,['Schooling'],7,False
747,Mareanie,poison,water,53,62,45,50,52,43,305,['Merciless' 'Limber' 'Regenerator'],7,False
748,Toxapex,poison,water,63,152,35,50,142,53,495,['Merciless' 'Limber' 'Regenerator'],7,False
749,Mudbray,ground,,100,70,45,70,55,45,385,['Own Tempo' 'Stamina' 'Inner Focus'],7,False
750,Mudsdale,ground,,125,100,35,100,85,55,500,['Own Tempo' 'Stamina' 'Inner Focus'],7,False
751,Dewpider,water,bug,40,52,27,38,72,40,269,['Water Bubble' 'Water Absorb'],7,False
752,Araquanid,water,bug,70,92,42,68,132,50,454,['Water Bubble' 'Water Absorb'],7,False
753,Fomantis,grass,,55,35,35,40,35,50,250,['Leaf Guard' 'Contrary'],7,False
754,Lurantis,grass,,105,90,45,70,90,80,480,['Leaf Guard' 'Contrary'],7,False
755,Morelull,grass,fairy,35,55,15,40,75,65,285,['Illuminate' 'Effect Spore' 'Rain Dish'],7,False
756,Shiinotic,grass,fairy,45,80,30,60,100,90,405,['Illuminate' 'Effect Spore' 'Rain Dish'],7,False
757,Salandit,poison,fire,44,40,77,48,40,71,320,['Corrosion' 'Oblivious'],7,False
758,Salazzle,poison,fire,64,60,117,68,60,111,480,['Corrosion' 'Oblivious'],7,False
759,Stufful,normal,fighting,75,50,50,70,50,45,340,['Fluffy' 'Klutz' 'Cute Charm'],7,False
760,Bewear,normal,fighting,125,80,60,120,60,55,500,['Fluffy' 'Klutz' 'Unnerve'],7,False
761,Bounsweet,grass,,30,38,32,42,38,30,210,['Leaf Guard' 'Oblivious' 'Sweet Veil'],7,False
762,Steenee,grass,,40,48,62,52,48,40,290,['Leaf Guard' 'Oblivious' 'Sweet Veil'],7,False
763,Tsareena,grass,,120,98,72,72,98,50,510,['Leaf Guard' 'Queenly Majesty' 'Sweet Veil'],7,False
764,Comfey,fairy,,52,90,100,51,110,82,485,['Flower Veil' 'Triage' 'Natural Cure'],7,False
765,Oranguru,normal,psychic,60,80,60,90,110,90,490,['Inner Focus' 'Telepathy' 'Symbiosis'],7,False
766,Passimian,fighting,,120,90,80,100,60,40,490,['Receiver' 'Defiant'],7,False
767,Wimpod,bug,water,35,40,80,25,30,20,230,['Wimp Out'],7,False
768,Golisopod,bug,water,125,140,40,75,90,60,530,['Emergency Exit'],7,False
769,Sandygast,ghost,ground,55,80,15,55,45,70,320,['Water Compaction' 'Sand Veil'],7,False
770,Palossand,ghost,ground,75,110,35,85,75,100,480,['Water Compaction' 'Sand Veil'],7,False
771,Pyukumuku,water,,60,130,5,55,130,30,410,['Innards Out' 'Unaware'],7,False
772,Type: Null,normal,,95,95,59,95,95,95,534,['Battle Armor'],7,False
773,Silvally,normal,,95,95,95,95,95,95,570,['RKS System'],7,False
774,Minior,rock,flying,100,60,120,60,60,100,500,['Shields Down'],7,False
775,Komala,normal,,115,65,65,65,95,75,480,['Comatose'],7,False
776,Turtonator,fire,dragon,78,135,36,60,85,91,485,['Shell Armor'],7,False
777,Togedemaru,electric,steel,98,63,96,65,73,40,435,['Iron Barbs' 'Lightningrod' 'Sturdy'],7,False
778,Mimikyu,ghost,fairy,90,80,96,55,105,50,476,['Disguise'],7,False
779,Bruxish,water,psychic,105,70,92,68,70,70,475,['Dazzling' 'Strong Jaw' 'Wonder Skin '],7,False
780,Drampa,normal,dragon,60,85,36,78,91,135,485,['Berserk' 'Sap Sipper' 'Cloud Nine'],7,False
781,Dhelmise,ghost,grass,131,100,40,70,90,86,517,['Steelworker'],7,False
782,Jangmo-o,dragon,,55,65,45,45,45,45,300,['Bulletproof' 'Soundproof' 'Overcoat'],7,False
783,Hakamo-o,dragon,fighting,75,90,65,55,70,65,420,['Bulletproof' 'Soundproof' 'Overcoat'],7,False
784,Kommo-o,dragon,fighting,110,125,85,75,105,100,600,['Bulletproof' 'Soundproof' 'Overcoat'],7,False
785,Tapu Koko,electric,fairy,115,85,130,70,75,95,570,['Electric Surge' 'Telepathy'],7,True
786,Tapu Lele,psychic,fairy,85,75,95,70,115,130,570,['Psychic Surge' 'Telepathy'],7,True
787,Tapu Bulu,grass,fairy,130,115,75,70,95,85,570,['Grassy Surge' 'Telepathy'],7,True
788,Tapu Fini,water,fairy,75,115,85,70,130,95,570,['Misty Surge' 'Telepathy'],7,True
789,Cosmog,psychic,,29,31,37,43,31,29,200,['Unaware'],7,True
790,Cosmoem,psychic,,29,131,37,43,131,29,400,['Sturdy'],7,True
791,Solgaleo,psychic,steel,137,107,97,137,89,113,680,['Full Metal Body'],7,True
792,Lunala,psychic,ghost,113,89,97,137,107,137,680,['Shadow Shield'],7,True
793,Nihilego,rock,poison,53,47,103,109,131,127,570,['Beast Boost'],7,True
794,Buzzwole,bug,fighting,139,139,79,107,53,53,570,['Beast Boost'],7,True
795,Pheromosa,bug,fighting,137,37,151,71,37,137,570,['Beast Boost'],7,True
796,Xurkitree,electric,,89,71,83,83,71,173,570,['Beast Boost'],7,True
797,Celesteela,steel,flying,101,103,61,97,101,107,570,['Beast Boost'],7,True
798,Kartana,grass,steel,181,131,109,59,31,59,570,['Beast Boost'],7,True
799,Guzzlord,dark,dragon,101,53,43,223,53,97,570,['Beast Boost'],7,True
800,Necrozma,psychic,,107,101,79,97,89,127,600,['Prism Armor'],7,True
801,Magearna,steel,fairy,95,115,65,80,115,130,600,['Soul-Heart'],7,True
